,date,value,flag,MA5,MA20
0,2018-04-01,35883335.0,past,,
1,2018-04-02,47006000.0,past,,
2,2018-04-03,722195023.0,past,,
3,2018-04-04,291941828.0,past,,
4,2018-04-05,789510106.0,past,377307258.4,
5,2018-04-06,66394000.0,past,383409391.4,
6,2018-04-07,768789527.0,past,527766096.8,
7,2018-04-08,576064149.0,past,498539922.0,
8,2018-04-09,605078953.0,past,561167347.0,
9,2018-04-10,362660000.0,past,475797325.8,
10,2018-04-11,531314374.0,past,568781400.6,
11,2018-04-12,771055019.0,past,569234499.0,
12,2018-04-14,646132902.0,past,583248249.6,
13,2018-04-15,701660805.0,past,602564620.0,
14,2018-04-16,517583203.0,past,633549260.6,
15,2018-04-17,510352183.0,past,629356822.4,
16,2018-04-18,588496340.0,past,592845086.6,
17,2018-04-19,665363318.0,past,596691169.8,
18,2018-04-20,63971000.0,past,469153208.8,
19,2018-04-21,615254737.0,past,488687515.6,493835340.1
20,2018-04-22,628649850.0,past,512347049.0,523473665.85
21,2018-04-23,631031909.0,past,520854162.8,552674961.3
22,2018-04-24,645690972.0,past,516919693.6,548849758.75
23,2018-04-25,751206159.0,past,654366725.4,571812975.3
24,2018-04-26,915844308.0,past,714484639.6,578129685.4
25,2018-04-27,47925000.0,past,598339669.6,577206235.4
26,2018-04-28,641073556.0,past,600347999.0,570820436.85
27,2018-04-29,967817817.0,past,664773368.0,590408120.25
28,2018-04-30,895118747.0,past,693555885.6,604910109.95
29,2018-05-01,584370262.0,past,627261076.4,615995623.05
30,2018-05-02,731243266.0,past,763924729.6,625992067.65
31,2018-05-03,611783102.0,past,758066638.8,618028471.8
32,2018-05-05,613062648.0,past,687115605.0,616374959.1
33,2018-05-06,847097198.0,past,677511295.2,623646778.75
34,2018-05-07,724708429.0,past,705578928.6,634003040.05
35,2018-05-08,912053681.0,past,741741011.6,654088114.95
36,2018-05-09,712744807.0,past,761933352.6,660300538.3
37,2018-05-10,804022618.0,past,800125346.6,667233503.3
38,2018-05-12,592831818.0,past,749272270.6,693676544.2
39,2018-05-13,728043163.0,past,749939217.4,699315965.5
40,2018-05-14,581088727.0,past,683746226.6,696937909.35
41,2018-05-15,482822654.0,past,637761796.0,689527446.6
42,2018-05-16,941812750.0,past,665319822.4,704333535.5
43,2018-05-17,388809692.0,past,624515397.2,686213712.15
44,2018-05-18,2930000.0,past,479492764.6,640567996.75
45,2018-05-19,528238499.0,past,468922719.0,664583671.7
46,2018-05-20,412743638.0,past,454906915.8,653167175.8
47,2018-05-21,433236098.0,past,353191585.4,626438089.85
48,2018-05-22,296047996.0,past,334639246.2,596484552.3
49,2018-05-23,399661513.0,past,413985548.8,587249114.85
50,2018-05-24,446679472.0,past,397673743.4,573020925.15
51,2018-05-25,7415500.0,past,316608115.8,542802545.05
52,2018-05-26,390296185.0,past,308020133.2,531664221.9
53,2018-05-27,505700666.0,past,349950667.2,514594395.3
54,2018-05-28,397047373.0,past,349427839.2,498211342.5
55,2018-05-29,409709568.0,past,342033858.4,473094136.85
56,2018-05-30,620055565.0,past,464561871.4,468459674.75
57,2018-05-31,642675221.0,past,515037678.6,460392304.9
58,2018-06-02,664977471.0,past,546893039.6,463999587.55
59,2018-06-03,761581860.0,past,619799937.0,465676522.4
60,2018-06-04,557666252.0,past,649391273.8,464505398.65
61,2018-06-05,608937700.0,past,647167700.8,470811150.95
62,2018-06-06,1960000.0,past,519024656.6,423818513.45
63,2018-06-07,242884028.0,past,434605968.0,416522230.25
64,2018-06-08,91303000.0,past,300550196.0,420940880.25
65,2018-06-09,642751917.0,past,317567329.0,426666551.15
66,2018-06-10,621633645.0,past,320106518.0,437111051.5
67,2018-06-11,689975733.0,past,457709664.6,449948033.25
68,2018-06-12,643872807.0,past,537907420.4,467339273.8
69,2018-06-13,730709862.0,past,665788792.8,483891691.25
70,2018-06-14,751125277.0,past,687463464.8,499113981.5
71,2018-06-16,413401122.0,past,645816960.2,519413262.6
72,2018-06-17,783929877.0,past,664607789.0,539094947.2
73,2018-06-18,957554187.0,past,727344065.0,561687623.25
74,2018-06-19,632050252.0,past,707612143.0,573437767.2
75,2018-06-20,1163413715.0,past,790069830.6,611122974.55
76,2018-06-21,848844194.0,past,877158445.0,622562406.0
77,2018-06-22,2100000.0,past,720792469.6,590533644.95
78,2018-06-23,773870028.0,past,684055637.8,595978272.8
79,2018-06-24,743260658.0,past,706297719.0,595062212.7
80,2018-06-25,777229614.0,past,629060898.8,606040380.8
81,2018-06-26,809057926.0,past,621103645.2,616046392.1
82,2018-06-27,1067723774.0,past,834228400.0,669334580.8
83,2018-06-28,1112644078.0,past,901983210.0,712822583.3
84,2018-06-29,198417500.0,past,793014578.4,718178308.3
85,2018-06-30,583271806.0,past,754223016.8,715204302.75
86,2018-07-01,746324338.0,past,741676299.2,721438837.4
87,2018-07-02,671642332.0,past,662460010.8,720522167.35
88,2018-07-03,633266160.0,past,566584427.2,719991835.0
89,2018-07-04,1064521386.0,past,739805204.4,736682411.2
90,2018-07-05,793959322.0,past,781942707.6,738824113.45
91,2018-07-06,132427000.0,past,659163240.0,724775407.35
92,2018-07-07,825282695.0,past,689891312.6,726843048.25
93,2018-07-08,889941044.0,past,741226289.4,723462391.1
94,2018-07-09,710589665.0,past,670439945.2,727389361.75
95,2018-07-10,531167860.0,past,617881652.8,695777069.0
96,2018-07-11,805830301.0,past,752562313.0,693626374.35
97,2018-07-12,803727382.0,past,748251250.4,733707743.45
98,2018-07-13,110803000.0,past,592423641.6,700554392.05
99,2018-07-14,784831328.0,past,607271974.2,702632925.55
100,2018-07-15,1101097067.0,past,721257815.6,718826298.2
101,2018-07-16,722050717.0,past,704501898.8,714475937.75
102,2018-07-17,1008429748.0,past,745442372.0,711511236.45
103,2018-07-18,1007056122.0,past,924692996.4,706231838.65
104,2018-07-19,872490000.0,past,942224730.8,739935463.65
105,2018-07-20,194331000.0,past,760871517.4,720488423.35
106,2018-07-21,862823862.0,past,789026146.4,726313399.55
107,2018-07-22,1002891660.0,past,787918528.8,742875865.95
108,2018-07-23,979506133.0,past,782408531.0,760187864.6
109,2018-07-24,727901523.0,past,753490835.6,743356871.45
110,2018-07-25,974061067.0,past,909436849.0,752361958.7
111,2018-07-26,1319220400.0,past,1000716156.6,811701628.7
112,2018-07-27,850000.0,past,800307824.6,770479993.95
113,2018-07-28,951983596.0,past,794803317.2,773582121.55
114,2018-07-29,861132948.0,past,821449602.2,781109285.7
115,2018-07-30,841556599.0,past,794948708.6,796628722.65
116,2018-07-31,1148304396.0,past,760765507.8,813752427.4
117,2018-08-01,1212216119.0,past,1003038731.6,834176864.25
118,2018-08-02,989405789.0,past,1010523170.2,878107003.7
119,2018-08-04,1024999277.0,past,1043296436.0,890115401.15
120,2018-08-05,1201534451.0,past,1115292006.4,895137270.35
121,2018-08-06,1248291389.0,past,1135289405.0,921449303.95
122,2018-08-07,716760762.0,past,1036198333.6,906865854.65
123,2018-08-08,1043565615.0,past,1047030298.8,908691329.3
124,2018-08-09,1014074767.0,past,1044845396.8,915770567.65
125,2018-08-10,75573000.0,past,819653106.6,909832667.65
126,2018-08-11,937720951.0,past,757539019.0,913577522.1
127,2018-08-12,1058754250.0,past,825937716.6,916370651.6
128,2018-08-13,1131017182.0,past,843428030.0,923946204.05
129,2018-08-14,916714949.0,past,823956066.4,933386875.35
130,2018-08-15,1134066778.0,past,1035654822.0,941387160.9
131,2018-08-16,1196923650.0,past,1087495361.8,935272323.4
132,2018-08-18,1148539934.0,past,1105452498.6,992656820.1
133,2018-08-19,1169638428.0,past,1113176747.8,1003539561.7
134,2018-08-20,1319931454.0,past,1193820048.8,1026479487.0
135,2018-08-21,952286078.0,past,1157463908.8,1032015960.95
136,2018-08-22,1124092345.0,past,1142897647.8,1030805358.4
137,2018-08-23,1084651945.0,past,1130120050.0,1024427149.7
138,2018-08-25,1524763712.0,past,1201145106.8,1051195045.85
139,2018-08-26,1442435889.0,past,1225645993.8,1072066876.45
140,2018-08-27,1438863140.0,past,1322961406.2,1083933310.9
141,2018-08-28,1308324923.0,past,1359807921.8,1086934987.6
142,2018-08-29,1877156866.0,past,1518308906.0,1144954792.8
143,2018-08-30,1457908895.0,past,1504937942.6,1165671956.8
144,2018-08-31,146550000.0,past,1245760764.8,1122295718.45
145,2018-09-01,1738395992.0,past,1305667335.2,1205436868.05
146,2018-09-02,1424158632.0,past,1328834077.0,1229758752.1
147,2018-09-03,1344742640.0,past,1222351231.8,1244058171.6
148,2018-09-04,1908236778.0,past,1312416808.4,1282919151.4
149,2018-09-05,1658255915.0,past,1614757991.4,1319996199.7
150,2018-09-06,1588434672.0,past,1584765727.4,1342714594.4
151,2018-09-07,79250000.0,past,1315784001.0,1286830911.9
152,2018-09-08,1382732641.0,past,1323382001.2,1298540547.25
153,2018-09-09,1502973363.0,past,1242329318.2,1315207294.0
154,2018-09-10,1243144483.0,past,1159307031.8,1311367945.45
155,2018-09-11,1529647133.0,past,1147549524.0,1340235998.2
156,2018-09-12,1139282079.0,past,1359555939.8,1340995484.9
157,2018-09-13,1610310766.0,past,1405071564.8,1367278425.95
158,2018-09-14,94215556.0,past,1123320003.4,1295751018.15
159,2018-09-15,1746611392.0,past,1224013385.2,1310959793.3
160,2018-09-16,1852125382.0,past,1288509035.0,1331622905.4
161,2018-09-17,1372470721.0,past,1335146763.4,1334830195.3
162,2018-09-18,2522271144.0,past,1517538839.0,1367085909.2
163,2018-09-19,1260000.0,past,1498947727.8,1294253464.45
164,2018-09-20,10480000.0,past,1151721449.4,1287449964.45
165,2018-09-21,52200000.0,past,791736373.0,1203140164.85
166,2018-09-22,858287444.0,past,688899717.6,1174846605.45
167,2018-09-23,1263686798.0,past,437182848.4,1170793813.35
168,2018-09-24,1173270604.0,past,671584969.2,1134045504.65
169,2018-09-25,960385282.0,past,861566025.6,1099151973.0
170,2018-09-26,1077190124.0,past,1066564050.4,1073589745.6
171,2018-09-27,1357964194.0,past,1166499400.4,1137525455.3
172,2018-09-29,1065997962.0,past,1126961633.2,1121688721.35
173,2018-09-30,1384577394.0,past,1169222991.2,1115768922.9
174,2018-10-01,1334456232.0,past,1244037181.2,1120334510.35
175,2018-10-02,1711645913.0,past,1370928339.0,1129434449.35
176,2018-10-03,1071277550.0,past,1313591010.2,1126034222.9
177,2018-10-04,1143986888.0,past,1329188795.4,1102718029.0
178,2018-10-05,64655000.0,past,1065204316.6,1101240001.2
179,2018-10-06,1125221838.0,past,1023357437.8,1070170523.5
180,2018-10-07,1224747182.0,past,925977691.6,1038801613.5
181,2018-10-08,1778082375.0,past,1067338656.6,1059082196.2
182,2018-10-09,857046757.0,past,1009950630.4,975820976.85
183,2018-10-10,1398406943.0,past,1276701019.0,1045678324.0
184,2018-10-11,1287251836.0,past,1309107018.6,1109516915.8
185,2018-10-12,3310000.0,past,1064819582.2,1107072415.8
186,2018-10-13,1541630180.0,past,1017529143.2,1141239552.6
187,2018-10-14,1192684278.0,past,1084656647.4,1137689426.6
188,2018-10-15,1107490323.0,past,1026473323.4,1134400412.55
189,2018-10-16,1314420792.0,past,1031907114.6,1152102188.05
190,2018-10-17,1073952896.0,past,1246035693.8,1151940326.65
191,2018-10-18,1293073249.0,past,1196324307.6,1148695779.4
192,2018-10-19,1560000.0,past,958099452.0,1095473881.3
193,2018-10-20,1095968499.0,past,955795087.2,1081043436.55
194,2018-10-21,1921461774.0,past,1077203283.6,1110393713.65
195,2018-10-22,1061815177.0,past,1074775739.8,1077902176.85
196,2018-10-23,1716875739.0,past,1159536237.8,1110182086.3
197,2018-10-24,1602726122.0,past,1479769462.2,1133119048.0
198,2018-10-25,1202706854.0,past,1501117133.2,1190021640.7
199,2018-10-26,62800000.0,past,1129384778.4,1136900548.8
200,2018-10-27,1516319112.0,past,1220285565.4,1151479145.3
201,2018-10-28,1438096570.0,past,1164529731.6,1134479855.05
202,2018-10-29,1346109227.0,past,1113206352.6,1158932978.55
203,2018-10-30,719967495.0,past,1016658480.8,1125011006.15
204,2018-10-31,1083585730.0,past,1220815626.8,1114827700.85
205,2018-11-01,1667531897.0,past,1251058183.8,1198038795.7
206,2018-11-02,1280000.0,past,963694869.8,1121021286.7
207,2018-11-03,1277896200.0,past,950052264.4,1125281882.8
208,2018-11-04,1637423532.0,past,1133543471.8,1151778543.25
209,2018-11-05,1720419732.0,past,1260910272.2,1172078490.25
210,2018-11-06,3078277182.0,past,1543059329.2,1272294704.55
211,2018-11-07,210280000.0,past,1584859329.2,1218155042.1
212,2018-11-08,145900000.0,past,1358460089.2,1225372042.1
213,2018-11-09,210000.0,past,1031017382.8,1170584117.15
214,2018-11-10,1383383605.0,past,963610157.4,1143680208.7
215,2018-11-11,1814184488.0,past,710791618.6,1181298674.25
216,2018-11-12,1586480712.0,past,986031761.0,1174778922.9
217,2018-11-13,1088923913.0,past,1174636543.6,1149088812.45
218,2018-11-14,1549523299.0,past,1484499203.4,1166429634.7
219,2018-11-15,1554398961.0,past,1518702274.6,1241009582.75
220,2018-11-16,131250000.0,past,1182115377.0,1171756127.15
221,2018-11-17,1261330575.0,past,1117085349.6,1162917827.4
222,2018-11-18,1743417914.0,past,1247984149.8,1182783261.75
223,2018-11-19,1305481927.0,past,1199175875.4,1212058983.35
224,2018-11-20,1911582392.0,past,1270612561.6,1253458816.45
225,2018-11-21,1567402443.0,past,1557843050.2,1248452343.75
226,2018-11-22,2114029416.0,past,1728382818.4,1354089814.55
227,2018-11-23,281808000.0,past,1436060835.6,1304285404.55
228,2018-11-24,1921377153.0,past,1559239880.8,1318483085.6
229,2018-11-25,1477252639.0,past,1472373930.2,1306324730.95
230,2018-11-26,1153590979.0,past,1389611637.4,1210090420.8
231,2018-11-27,1365800834.0,past,1239965921.0,1267866462.5
232,2018-11-28,1295561895.0,past,1442716700.0,1325349557.25
233,2018-11-29,1726647854.0,past,1403770840.2,1411671449.95
234,2018-12-01,1402428874.0,past,1388806087.2,1412623713.4
235,2018-12-02,1943017964.0,past,1546691484.2,1419065387.2
236,2018-12-03,1196680786.0,past,1512867474.6,1399575390.9
237,2018-12-04,1238331396.0,past,1501421374.8,1407045765.05
238,2018-12-05,1614534275.0,past,1478998659.0,1410296313.85
239,2018-12-06,1592748226.0,past,1517062529.4,1412213777.1
240,2018-12-07,162590000.0,past,1160976936.6,1413780777.1
241,2018-12-08,1149319786.0,past,1151504736.6,1408180237.65
242,2018-12-09,1462105830.0,past,1196259623.4,1394114633.45
243,2018-12-10,1174776947.0,past,1108308157.8,1387579384.45
244,2018-12-11,1087945116.0,past,1007347535.8,1346397520.65
245,2018-12-12,1567814517.0,past,1288392439.2,1346418124.35
246,2018-12-13,1820239701.0,past,1422576422.2,1331728638.6
247,2018-12-15,1309954790.0,past,1392146214.2,1383135978.1
248,2018-12-16,1440377362.0,past,1445266297.2,1359085988.55
249,2018-12-17,1435540914.0,past,1514785456.8,1357000402.3
250,2018-12-18,1611851732.0,past,1523592899.8,1379913439.95
251,2018-12-19,1646127141.0,past,1488770387.8,1393929755.3
252,2018-12-20,1927390995.0,past,1612257628.8,1425521210.3
253,2018-12-21,500000.0,past,1324282156.4,1339213817.6
254,2018-12-22,1110937365.0,past,1259361446.6,1324639242.15
255,2018-12-23,1199960780.0,past,1176983256.2,1287486382.95
256,2018-12-24,1316645923.0,past,1111087012.6,1293484639.8
257,2018-12-25,1080789528.0,past,941766719.2,1285607546.4
258,2018-12-26,1198719530.0,past,1181410625.2,1264816809.15
259,2018-12-27,1746826379.0,past,1308588428.0,1272520716.8
260,2018-12-29,1133030218.0,past,1295202315.6,1321042727.7
261,2018-12-30,1532565677.0,past,1338386266.4,1340205022.25
262,2018-12-31,1062839152.0,past,1334796191.2,1320241688.35
263,2019-01-01,1164880444.0,past,1328028374.0,1319746863.2
264,2019-01-02,1504784993.0,past,1279620096.8,1340588857.05
265,2019-01-03,1502669585.0,past,1353547970.2,1337331610.45
266,2019-01-05,1236123804.0,past,1294259595.6,1308125815.6
267,2019-01-06,1700805110.0,past,1421852787.2,1327668331.6
268,2019-01-07,1157304266.0,past,1420337551.6,1313514676.8
269,2019-01-08,1126291607.0,past,1344638874.4,1298052211.45
270,2019-01-09,1242375187.0,past,1292579994.8,1279578384.2
271,2019-01-10,2060041656.0,past,1457363565.2,1300274109.95
272,2019-01-11,8100000.0,past,1118822543.2,1204309560.2
273,2019-01-12,1412406297.0,past,1169842949.4,1274904875.05
274,2019-01-13,1385144770.0,past,1221613582.0,1288615245.3
275,2019-01-14,1467950535.0,past,1266728651.6,1302014733.05
276,2019-01-15,1071474220.0,past,1069015164.4,1289756147.9
277,2019-01-16,1157526708.0,past,1298900506.0,1293593006.9
278,2019-01-17,1751057718.0,past,1366630790.2,1321209916.3
279,2019-01-18,69960000.0,past,1103593836.2,1237366597.35
280,2019-01-19,1189847201.0,past,1047973169.4,1240207446.5
281,2019-01-20,1926866297.0,past,1219051584.8,1259922477.5
282,2019-01-21,1081777212.0,past,1203901685.6,1260869380.5
283,2019-01-22,1102031122.0,past,1074096366.4,1257726914.4
284,2019-01-23,1647638012.0,past,1389631968.8,1264869565.35
285,2019-01-24,1495118506.0,past,1450686229.8,1264492011.4
286,2019-01-25,70220000.0,past,1079356970.4,1206196821.2
287,2019-01-26,1313782682.0,past,1125758064.4,1186845699.8
288,2019-01-27,1611406800.0,past,1227633200.0,1209550826.5
289,2019-01-28,1218456111.0,past,1141796819.8,1214159051.7
290,2019-01-29,1072095777.0,past,1057192274.0,1205645081.2
291,2019-01-30,1623764940.0,past,1367901262.0,1183831245.4
292,2019-01-31,1726520852.0,past,1450448896.0,1269752288.0
293,2019-02-01,158150000.0,past,1159797536.0,1207039473.15
294,2019-02-02,1318872163.0,past,1179880746.4,1203725842.8
295,2019-02-03,1975357630.0,past,1360533117.0,1229096197.55
296,2019-02-04,1188062648.0,past,1273392658.6,1234925618.95
297,2019-02-05,1065427058.0,past,1141173899.8,1230320636.45
298,2019-02-06,1553552096.0,past,1420254319.0,1220445355.35
299,2019-02-07,2045348892.0,past,1565549664.8,1319214799.95
300,2019-02-08,3850000.0,past,1171248138.8,1259914939.9
301,2019-02-09,1206799161.0,past,1174995441.4,1223911583.1
302,2019-02-10,1250894208.0,past,1212088871.4,1232367432.9
303,2019-02-11,1047445032.0,past,1110867458.6,1229638128.4
304,2019-02-12,1533154555.0,past,1008428591.2,1223913955.55
305,2019-02-13,1453409824.0,past,1298340556.0,1221828521.45
306,2019-02-14,1903330715.0,past,1437646866.8,1313484057.2
307,2019-02-15,95000000.0,past,1206468025.2,1252544923.1
308,2019-02-16,1477552128.0,past,1292489444.4,1245852189.5
309,2019-02-17,1652802432.0,past,1316419019.8,1267569505.55
310,2019-02-18,1161469968.0,past,1258031048.6,1272038215.1
311,2019-02-19,1669008452.0,past,1211166596.0,1274300390.7
312,2019-02-20,1313896541.0,past,1454945904.2,1253669175.15
313,2019-02-21,1324738895.0,past,1424383257.6,1311998619.9
314,2019-02-22,1440000.0,past,1094110771.2,1246127011.75
315,2019-02-23,1492344884.0,past,1160285754.4,1221976374.45
316,2019-02-24,1689182411.0,past,1164320546.2,1247032362.6
317,2019-02-25,1572442990.0,past,1216029836.0,1272383159.2
318,2019-02-26,1602031998.0,past,1271488456.6,1274807154.3
319,2019-02-27,1578204442.0,past,1586841345.0,1251449931.8
320,2019-02-28,1690745368.0,past,1626521441.8,1335794700.2
321,2019-03-01,210000.0,past,1288726959.6,1275465242.15
322,2019-03-02,1601239443.0,past,1294486250.2,1292982503.9
323,2019-03-03,1944276498.0,past,1362935150.2,1337824077.2
324,2019-03-04,1474637064.0,past,1342221674.6,1334898202.65
325,2019-03-05,1296922386.0,past,1263457078.2,1327073830.75
326,2019-03-06,2236202665.0,past,1710655611.2,1343717428.25
327,2019-03-07,1404240199.0,past,1671255762.4,1409179438.2
328,2019-03-09,1325200331.0,past,1547440529.0,1401561848.35
329,2019-03-10,1483128710.0,past,1549138858.2,1393078162.25
330,2019-03-11,1508334328.0,past,1591421246.6,1410421380.25
331,2019-03-12,1035385465.0,past,1351257806.6,1378740230.9
332,2019-03-13,1274406697.0,past,1325291106.2,1376765738.7
333,2019-03-14,1764839385.0,past,1413218917.0,1398770763.2
334,2019-03-15,165235000.0,past,1149640175.0,1406960513.2
335,2019-03-16,2074528705.0,past,1262879050.4,1436069704.25
336,2019-03-17,2481852881.0,past,1552172533.6,1475703227.75
337,2019-03-18,2651236957.0,past,1827538585.6,1529642926.1
338,2019-03-19,3354385761.0,past,2145447860.8,1617260614.25
339,2019-03-20,93980000.0,past,2131196860.8,1543049392.15
340,2019-03-22,140870000.0,past,1744465119.8,1465555623.75
341,2019-03-23,95420000.0,past,1267178543.6,1470316123.75
342,2019-03-24,54080000.0,past,747747152.2,1392958151.6
343,2019-03-25,684372498.0,past,213744499.6,1329962951.6
344,2019-03-26,950318889.0,past,385012277.4,1303747042.85
345,2019-03-27,1038398162.0,past,564517909.8,1290820831.65
346,2019-03-28,1171654722.0,past,779764854.2,1237593434.5
347,2019-03-29,3715000.0,past,769691854.2,1167567174.55
348,2019-03-30,982471385.0,past,829311631.6,1150430727.25
349,2019-03-31,1101754234.0,past,859598700.6,1131362003.45
350,2019-04-01,689973944.0,past,789913857.0,1090443984.25
351,2019-04-03,843081329.0,past,724199178.4,1080828777.45
352,2019-04-04,1125962754.0,past,948648729.2,1073406580.3
353,2019-04-06,1402636441.0,past,1032681740.4,1055296433.1
354,2019-04-07,1680113279.0,past,1148353549.4,1131040347.05
355,2019-04-08,1315361667.0,past,1273431094.0,1093081995.15
356,2019-04-09,1103918465.0,past,1325598521.2,1024185274.35
357,2019-04-10,1485502702.0,past,1397506510.8,965898561.6
358,2019-04-11,1343466508.0,past,1385672524.2,865352598.95
359,2019-04-12,124750000.0,past,1074599868.4,866891098.95
360,2019-04-13,1055011550.0,past,1022529845.0,912598176.45
361,2019-04-14,1317310665.0,past,1065208285.0,973692709.7
362,2019-04-15,1440033968.0,past,1056114538.2,1042990408.1
363,2019-04-16,1122209662.0,past,1011863169.0,1064882266.3
364,2019-04-17,1420125441.0,past,1270938257.2,1088372593.9
365,2019-04-18,1632728825.0,past,1386481712.2,1118089127.05
366,2019-04-19,140600000.0,past,1151139579.2,1066536390.95
367,2019-04-20,2011713654.0,past,1265475516.4,1166936323.65
368,2019-04-21,1123120662.0,past,1265657716.4,1173968787.5
369,2019-04-22,1036472222.0,past,1188927072.6,1170704686.9
370,2019-04-23,1275604711.0,past,1117502249.8,1199986225.25
371,2019-04-24,1451714322.0,past,1379725114.2,1230417874.9
372,2019-04-25,1848966707.0,past,1347175724.8,1266568072.55
373,2019-04-27,1599790781.0,past,1442509748.6,1276425789.55
374,2019-04-28,1273753278.0,past,1489965959.8,1256107789.5
375,2019-04-29,1288025536.0,past,1492450124.8,1254740982.95
376,2019-04-30,1280802513.0,past,1458267763.0,1263585185.35
377,2019-05-01,1614458608.0,past,1411366143.2,1270032980.65
378,2019-05-02,1888708213.0,past,1469149629.6,1297295065.9
379,2019-05-04,1588254995.0,past,1532049973.0,1370470315.65
380,2019-05-05,1519992498.0,past,1578443365.4,1393719363.05
381,2019-05-06,1329893718.0,past,1588261606.4,1394348515.7
382,2019-05-07,1291905444.0,past,1523750973.6,1386942089.5
383,2019-05-08,1133157223.0,past,1372640775.6,1387489467.55
384,2019-05-09,1152185909.0,past,1285426958.4,1374092490.95
385,2019-05-10,56650000.0,past,992758458.8,1295288549.7
386,2019-05-11,1255937887.0,past,977967292.6,1351055444.05
387,2019-05-12,979646442.0,past,915515492.2,1299452083.45
388,2019-05-13,916584943.0,past,872201036.2,1289125297.5
389,2019-05-14,740220554.0,past,789807965.2,1274312714.1
390,2019-05-15,1195951666.0,past,1017668298.4,1270330061.85
391,2019-05-16,990247077.0,past,964530136.4,1247256699.6
392,2019-05-17,167170000.0,past,802034848.0,1163166864.25
393,2019-05-18,1211033663.0,past,860924592.0,1143729008.35
394,2019-05-19,970300274.0,past,906940536.0,1128556358.15
395,2019-05-20,1034987722.0,past,874747747.2,1115904467.45
396,2019-05-21,948693885.0,past,866437108.8,1099299036.05
397,2019-05-22,1302602193.0,past,1093523547.4,1083706215.3
398,2019-05-23,1229229149.0,past,1097162644.6,1050732262.1
399,2019-05-24,334020000.0,past,969906589.8,988020512.35
400,2019-05-25,1485187885.0,past,1059946622.4,986280281.7
401,2019-05-26,1382363887.0,past,1146680622.8,988903790.15
402,2019-05-27,1150000.0,past,886390184.2,924366017.95
403,2019-05-28,1106541941.0,past,861852742.6,923035253.85
404,2019-05-29,1202271666.0,past,1035503075.8,925539541.7
405,2019-05-30,1183468085.0,past,975159115.8,981880445.95
406,2019-06-01,1104029441.0,past,919492226.6,974285023.65
407,2019-06-02,1357293527.0,past,1190720932.0,993167377.9
408,2019-06-03,1599873384.0,past,1289387220.6,1027331799.95
409,2019-06-04,1700699488.0,past,1389072785.0,1075355746.65
410,2019-06-05,1366417493.0,past,1425662666.6,1083879038.0
411,2019-06-06,66580000.0,past,1218172778.4,1037695684.15
412,2019-06-08,1756360935.0,past,1297986260.0,1117155230.9
413,2019-06-09,2394965833.0,past,1457004749.8,1176351839.4
414,2019-06-10,1577577070.0,past,1432380266.2,1206715679.2
415,2019-06-11,1132365956.0,past,1385569958.8,1211584590.9
416,2019-06-12,1748711164.0,past,1721996191.6,1251585454.85
417,2019-06-13,2117653327.0,past,1794254670.0,1292338011.55
418,2019-06-15,1485457339.0,past,1612352971.2,1305149421.05
419,2019-06-16,1621007777.0,past,1621039112.6,1369498809.9
420,2019-06-17,1290429233.0,past,1652651768.0,1359760877.3
421,2019-06-18,1598741776.0,past,1622657890.4,1370579771.75
422,2019-06-19,1411281995.0,past,1481383624.0,1441086371.5
423,2019-06-20,1652649608.0,past,1514822077.8,1468391754.85
424,2019-06-22,1310081443.0,past,1452636811.0,1473782243.7
425,2019-06-23,1449993268.0,past,1484549618.0,1487108502.85
426,2019-06-24,1784874163.0,past,1521776095.4,1521150738.95
427,2019-06-25,1302898331.0,past,1500099362.6,1518430979.15
428,2019-06-26,1558637498.0,past,1481296940.6,1516369184.85
429,2019-06-27,2224134994.0,past,1664107650.8,1542540960.15
430,2019-06-28,45180000.0,past,1383144997.2,1476479085.5
431,2019-06-29,1198007108.0,past,1265771586.2,1533050440.9
432,2019-06-30,1396099939.0,past,1284411907.8,1515037391.1
433,2019-07-01,1382747776.0,past,1249233963.4,1464426488.25
434,2019-07-02,1587091941.0,past,1121825352.8,1464902231.8
435,2019-07-03,1501651389.0,past,1413119630.6,1483366503.45
436,2019-07-04,2302800812.0,past,1634078371.4,1511070985.85
437,2019-07-06,1472167662.0,past,1649291916.0,1478796702.6
438,2019-07-07,1728388051.0,past,1718419971.0,1490943238.2
439,2019-07-08,1588895497.0,past,1718780682.2,1489337624.2
440,2019-07-09,1819941277.0,past,1782438659.8,1515813226.4
441,2019-07-10,1830819718.0,past,1688042441.0,1527417123.5
442,2019-07-11,2417586606.0,past,1877126229.8,1577732354.05
443,2019-07-13,1713756660.0,past,1874199951.6,1580787706.65
444,2019-07-14,1678781274.0,past,1892177107.0,1599222698.2
445,2019-07-15,1484434318.0,past,1825075715.2,1600944750.7
446,2019-07-16,1244143609.0,past,1707740493.4,1573908223.0
447,2019-07-17,1709900164.0,past,1566203205.0,1594258314.65
448,2019-07-18,2081018937.0,past,1639655660.4,1620377386.6
449,2019-07-19,39200000.0,past,1311739405.6,1511130636.9
450,2019-07-20,1618642160.0,past,1338580974.0,1589803744.9
451,2019-07-21,2102045677.0,past,1510161387.6,1635005673.35
452,2019-07-22,1509561107.0,past,1470093576.2,1640678731.75
453,2019-07-23,1437591941.0,past,1341408177.0,1643420940.0
454,2019-07-24,2043982605.0,past,1742364698.0,1666265473.2
455,2019-07-25,1778848050.0,past,1774405876.0,1680125306.25
456,2019-07-27,1425706382.0,past,1639138017.0,1636270584.75
457,2019-07-28,1737399442.0,past,1684705684.0,1649532173.75
458,2019-07-29,1995225889.0,past,1796232473.6,1662874065.65
459,2019-07-30,1641540781.0,past,1715744108.8,1665506329.85
460,2019-07-31,1657721829.0,past,1691518864.6,1657395357.45
461,2019-08-01,1974228577.0,past,1801223303.6,1664565800.4
462,2019-08-03,1388135544.0,past,1731370524.0,1613093247.3
463,2019-08-04,1899625720.0,past,1712250490.2,1622386700.3
464,2019-08-05,1636498943.0,past,1711242122.6,1620272583.75
465,2019-08-06,1373664995.0,past,1654430755.8,1614734117.6
466,2019-08-07,1726771383.0,past,1604939317.0,1638865506.3
467,2019-08-08,1897973603.0,past,1706906928.8,1648269178.25
468,2019-08-10,1885622324.0,past,1704106249.6,1638499347.6
469,2019-08-11,2517457767.0,past,1880298014.4,1762412235.95
470,2019-08-12,2484880495.0,past,2102541114.4,1805724152.7
471,2019-08-13,1492771998.0,past,2055741237.4,1775260468.75
472,2019-08-14,1755629442.0,past,2027272405.2,1787563885.5
473,2019-08-15,2245799165.0,past,2099307773.4,1827974246.7
474,2019-08-16,820000.0,past,1595980220.0,1725816116.45
475,2019-08-17,2009369839.0,past,1500878088.8,1737342205.9
476,2019-08-18,2401629932.0,past,1682649675.6,1786138383.4
477,2019-08-19,2919349931.0,past,1915393773.4,1845235907.85
478,2019-08-20,250790000.0,past,1516391940.4,1758014113.4
479,2019-08-21,2458409900.0,past,2007909920.4,1798857569.35
480,2019-08-22,3767097881.0,past,2359455528.8,1904326371.95
481,2019-08-24,1930277381.0,past,2265185018.6,1902128812.15
482,2019-08-25,2271457770.0,past,2135606586.4,1946294923.45
483,2019-08-26,1493116163.0,past,2384071819.0,1925969445.6
484,2019-08-27,1621012327.0,past,2216592304.4,1925195114.8
485,2019-08-28,2513556272.0,past,1965883982.6,1982189678.65
486,2019-08-29,2645693995.0,past,2108967305.4,2028135809.25
487,2019-08-31,1640424330.0,past,1982760617.4,2015258345.6
488,2019-09-01,2317423750.0,past,2147622134.8,2036848416.9
489,2019-09-02,1744535666.0,past,2172326802.6,1998202311.85
490,2019-09-03,1881326825.0,past,2045880913.2,1968024628.35
491,2019-09-04,2003852478.0,past,1917512609.8,1993578652.35
492,2019-09-05,2585677105.0,past,2106563164.8,2035081035.5
493,2019-09-07,2159384323.0,past,2074955279.4,2030760293.4
494,2019-09-08,3074110983.0,past,2340870342.8,2184424842.55
495,2019-09-09,2430000.0,past,1965090977.8,2084077850.6
496,2019-09-10,27480000.0,past,1569816482.2,1965370354.0
497,2019-09-11,868430663.0,past,1226367193.8,1862824390.6
498,2019-09-12,1825423049.0,past,1159574939.0,1941556043.05
499,2019-09-14,1479008852.0,past,840554512.8,1892585990.65
500,2019-09-15,1731112634.0,past,1186291039.6,1790786728.3
501,2019-09-16,1238642777.0,past,1428523595.0,1756204998.1
502,2019-09-17,1094829831.0,past,1473803428.6,1697373601.15
503,2019-09-18,1402014440.0,past,1389121706.8,1692818515.0
504,2019-09-19,1823024163.0,past,1457924769.0,1702919106.8
505,2019-09-21,1691569549.0,past,1450016152.0,1661819770.65
506,2019-09-22,1675827617.0,past,1537453120.0,1613326451.75
507,2019-09-23,1352875508.0,past,1589062255.4,1598949010.65
508,2019-09-24,1529776552.0,past,1614614677.8,1559566650.75
509,2019-09-25,1563123775.0,past,1562634600.2,1550496056.2
510,2019-09-26,1765615162.0,past,1577443722.8,1544710473.05
511,2019-09-28,1383355896.0,past,1518949378.6,1513685643.95
512,2019-09-29,1791742983.0,past,1606722873.6,1473988937.85
513,2019-09-30,1523956201.0,past,1605558803.4,1442217531.75
514,2019-10-01,1496620231.0,past,1592258094.6,1363342994.15
515,2019-10-02,1761814902.0,past,1591498042.6,1451312239.25
516,2019-10-03,1790075892.0,past,1672842041.8,1539442033.85
517,2019-10-05,1863401187.0,past,1687173682.6,1589190560.05
518,2019-10-06,1592348968.0,past,1700852236.0,1577536856.0
519,2019-10-07,1430000297.0,past,1687528249.2,1575086428.25
520,2019-10-08,1503780329.0,past,1635921334.6,1563719813.0
521,2019-10-09,1561128170.0,past,1590131790.2,1579844082.65
522,2019-10-10,1635474205.0,past,1544546393.8,1606876301.35
523,2019-10-12,1229916353.0,past,1472059870.8,1598271397.0
524,2019-10-13,1359868000.0,past,1458033411.4,1575113588.85
525,2019-10-14,1699331554.0,past,1497143656.4,1575501689.1
526,2019-10-15,1788747208.0,past,1542667464.0,1581147668.65
527,2019-10-16,1695609863.0,past,1554694595.6,1598284386.4
528,2019-10-17,2318576759.0,past,1772426676.8,1637724396.75
529,2019-10-20,1785080908.0,past,1857469258.4,1648822253.4
530,2019-10-21,1711025184.0,past,1859807984.4,1646092754.5
531,2019-10-22,1814582632.0,past,1864975069.2,1667654091.3
532,2019-10-23,1533626474.0,past,1832578391.4,1654748265.85
533,2019-10-24,1973592635.0,past,1763581566.6,1677230087.55
534,2019-10-26,1630178228.0,past,1732601030.6,1683907987.4
535,2019-10-27,107550000.0,past,1411905993.8,1601194742.3
536,2019-10-28,2155850564.0,past,1480159580.2,1619483475.9
537,2019-10-29,1382773255.0,past,1449988936.4,1595452079.3
538,2019-10-30,1874894954.0,past,1430249400.2,1609579378.6
539,2019-10-31,2319798008.0,past,1568173356.2,1654069264.15
540,2019-11-02,1694170882.0,past,1885497532.6,1663588791.8
541,2019-11-03,1581997466.0,past,1770726913.0,1664632256.6
542,2019-11-04,2180604321.0,past,1930293126.2,1691888762.4
543,2019-11-05,1749561967.0,past,1905226528.8,1717871043.1
544,2019-11-06,294640000.0,past,1500194927.2,1664609643.1
545,2019-11-07,1796937099.0,past,1520748170.6,1669489920.35
546,2019-11-08,3620000.0,past,1205072677.4,1580233559.95
547,2019-11-09,1876895305.0,past,1144330874.2,1589297832.05
548,2019-11-10,2188195839.0,past,1232057648.6,1582778786.05
549,2019-11-11,1472658457.0,past,1467661340.0,1567157663.5
550,2019-11-12,1443942850.0,past,1397062490.2,1553803546.8
551,2019-11-13,2064421241.0,past,1809222738.4,1566295477.25
552,2019-11-14,1988605590.0,past,1831564795.4,1589044433.05
553,2019-11-16,1261668619.0,past,1646259351.4,1553448232.25
554,2019-11-17,1451841397.0,past,1642095939.4,1544531390.7
555,2019-11-18,998452683.0,past,1552997906.0,1589076524.85
556,2019-11-19,1970156874.0,past,1534145032.6,1579791840.35
557,2019-11-20,1787351116.0,past,1493894137.8,1600020733.4
558,2019-11-21,1917396272.0,past,1625039668.4,1602145799.3
559,2019-11-23,1510383796.0,past,1636748148.2,1561675088.7
560,2019-11-24,1895978031.0,past,1816253217.8,1571765446.15
561,2019-11-25,1245500536.0,past,1671321950.2,1554940599.65
562,2019-11-26,1555487198.0,past,1624949166.6,1523684743.5
563,2019-11-27,1351579400.0,past,1511785792.2,1503785615.15
564,2019-11-28,1901874263.0,past,1590083885.6,1584147328.3
565,2019-11-30,1600781598.0,past,1531044599.0,1574339553.25
566,2019-12-01,1496427599.0,past,1581230011.6,1648979933.2
567,2019-12-02,1709726532.0,past,1612077878.4,1640621494.55
568,2019-12-03,1785623666.0,past,1698886731.6,1620492885.9
569,2019-12-04,1473308316.0,past,1613173542.2,1620525378.85
570,2019-12-05,1803593874.0,past,1653735997.4,1638507930.05
571,2019-12-07,1451431349.0,past,1644736747.4,1607858435.45
572,2019-12-08,1584448100.0,past,1619681061.0,1587650560.95
573,2019-12-09,1356295344.0,past,1533815396.6,1592381897.2
574,2019-12-10,1164687835.0,past,1472091300.4,1578024219.1
575,2019-12-11,1636467395.0,past,1438666004.6,1609924954.7
576,2019-12-12,1693915242.0,past,1487162783.2,1596112873.1
577,2019-12-14,1669581384.0,past,1504189440.0,1590224386.5
578,2019-12-15,1575079508.0,past,1547946272.8,1573108548.3
579,2019-12-16,1306819979.0,past,1576372701.6,1562930357.45
580,2019-12-17,1329551711.0,past,1514989564.8,1534609041.45
581,2019-12-18,2079465788.0,past,1592099674.0,1576307304.05
582,2019-12-19,1750611332.0,past,1608305663.6,1586063510.75
583,2019-12-21,1713376208.0,past,1635965003.6,1604153351.15
584,2019-12-22,1517527474.0,past,1678106502.6,1584936011.7
585,2019-12-23,1482436334.0,past,1708683427.2,1579018748.5
586,2019-12-24,1115241920.0,past,1515838653.6,1559959464.55
587,2019-12-25,1496078945.0,past,1464932176.2,1549277085.2
588,2019-12-26,1994805112.0,past,1521217957.0,1559736157.5
589,2019-12-28,1425466137.0,past,1502805689.6,1557344048.55
590,2019-12-29,1613940707.0,past,1529106564.2,1547861390.2
591,2019-12-30,1290486496.0,past,1564155479.4,1539814147.55
592,2019-12-31,1309568395.0,past,1526853369.4,1526070162.3
593,2020-01-01,1685206215.0,past,1464933590.0,1542515705.85
594,2020-01-02,2185637383.0,past,1616967839.2,1593563183.25
595,2020-01-04,1533608046.0,past,1600901307.0,1588420215.8
596,2020-01-05,1708055969.0,past,1684415201.6,1589127252.15
597,2020-01-06,1510526761.0,past,1724606874.8,1581174521.0
598,2020-01-07,1218560938.0,past,1631277819.4,1563348592.5
599,2020-01-08,1205951382.0,past,1435340619.2,1558305162.65
600,2020-01-09,1871577865.0,past,1502934583.0,1585406470.35
601,2020-01-11,1456717478.0,past,1452666884.8,1554269054.85
602,2020-01-12,1501381132.0,past,1450837759.0,1541807544.85
603,2020-01-13,1200882718.0,past,1447302115.0,1516182870.35
604,2020-01-14,1394779696.0,past,1485067777.8,1510045481.45
605,2020-01-15,1417486247.0,past,1394249454.2,1506797977.1
606,2020-01-16,1910542387.0,past,1485014436.0,1546563000.45
607,2020-01-18,1644593226.0,past,1513656854.8,1553988714.5
608,2020-01-19,1720959865.0,past,1617672284.2,1540296452.15
609,2020-01-20,1794042131.0,past,1697524771.2,1558725251.85
610,2020-01-21,1159790222.0,past,1645985566.2,1536017727.6
611,2020-01-22,1677288039.0,past,1599334696.6,1555357804.75
612,2020-01-23,1455185372.0,past,1561453125.8,1562638653.6
613,2020-01-25,1584848457.0,past,1534230844.2,1557620765.7
614,2020-01-26,2104627601.0,past,1596347938.2,1553570276.6
615,2020-01-27,1807858567.0,past,1725961607.2,1567282802.65
616,2020-01-28,2219211961.0,past,1834346391.6,1592840602.25
617,2020-01-29,32400000.0,past,1549789317.2,1518934264.2
618,2020-01-30,2258521092.0,past,1684523844.2,1570932271.9
619,2020-02-01,1733139398.0,past,1610226203.6,1597291672.7
620,2020-02-02,1560209684.0,past,1560696427.0,1581723263.65
621,2020-02-03,1367619560.0,past,1390377946.8,1577268367.75
622,2020-02-04,1517550311.0,past,1687408009.0,1578076826.7
623,2020-02-05,1607648219.0,past,1557233434.4,1598415101.75
624,2020-02-06,2333412986.0,past,1677288152.0,1645346766.25
625,2020-02-08,1584110640.0,past,1682068343.2,1653677985.9
626,2020-02-09,1879443976.0,past,1784433226.4,1652123065.35
627,2020-02-10,1755961365.0,past,1832115437.2,1657691472.3
628,2020-02-11,1114140945.0,past,1733413982.4,1627350526.3
629,2020-02-12,1542144259.0,past,1575160237.0,1614755632.7
630,2020-02-13,1995841425.0,past,1657506394.0,1656558192.85
631,2020-02-15,1599934477.0,past,1601604494.2,1652690514.75
632,2020-02-16,1955605173.0,past,1641533255.8,1677711504.8
633,2020-02-17,1583529059.0,past,1735410878.6,1677645534.9
634,2020-02-18,2029304206.0,past,1832842868.0,1673879365.15
635,2020-02-19,2185815795.0,past,1870837742.0,1692777226.55
636,2020-02-20,2110610099.0,past,1972972866.4,1687347133.45
637,2020-02-22,1413864885.0,past,1864624808.8,1756420377.7
638,2020-02-23,1385735276.0,past,1825066052.2,1712781086.9
639,2020-02-24,1175191664.0,past,1654243543.8,1684883700.2
640,2020-02-25,832931326.0,past,1383666650.0,1648519782.3
641,2020-02-26,761036616.0,past,1113751953.4,1618190635.1
642,2020-02-27,666630926.0,past,964305161.6,1575644665.85
643,2020-02-29,838544266.0,past,854866959.6,1537189468.2
644,2020-03-01,577559687.0,past,735340564.2,1449396803.25
645,2020-03-02,484877262.0,past,665729751.4,1394435134.35
646,2020-03-03,478876113.0,past,609297650.8,1324406741.2
647,2020-03-04,731766942.0,past,622324854.0,1273197020.05
648,2020-03-05,764828944.0,past,607581789.6,1255731420.0
649,2020-03-07,54316346.0,past,502933121.4,1181340024.35
650,2020-03-09,380035306.0,past,481964730.2,1100549718.4
651,2020-03-10,521661503.0,past,490521808.2,1046636069.7
652,2020-03-11,826889901.0,past,509546400.0,990200306.1
653,2020-03-12,427531626.0,past,442086936.4,932400434.45
654,2020-03-14,421403478.0,past,515504362.8,852005398.05
655,2020-03-15,388669167.0,past,517231135.0,762148066.65
656,2020-03-16,621187527.0,past,537136339.8,687676938.05
657,2020-03-17,1083567570.0,past,588471873.6,671162072.3
658,2020-03-18,1039057824.0,past,710777113.2,653828199.7
659,2020-03-21,290000.0,past,626554417.6,595083116.5
660,2020-03-24,30763430.0,past,554973270.2,554974721.7
661,2020-03-25,13267097.0,past,433389184.2,517586245.75
662,2020-03-26,576514477.0,past,331978565.6,513080423.3
663,2020-03-28,247444910.0,past,173655982.8,483525455.5
664,2020-03-29,205155550.0,past,214629092.8,464905248.65
665,2020-03-30,684882555.0,past,345452917.8,474905513.3
666,2020-04-02,30562612.0,past,348912020.8,452489838.25
667,2020-04-04,702501376.0,past,374109400.6,451026559.95
668,2020-04-05,1555249584.0,past,635670335.4,490547591.95
669,2020-04-06,474031278.0,past,689445481.0,511533338.55
670,2020-04-07,609534220.0,past,674375814.0,523008284.25
671,2020-04-08,536395361.0,past,775542363.8,523744977.15
672,2020-04-09,50400000.0,past,645122088.6,484920482.1
673,2020-04-11,401189096.0,past,414309991.0,483603355.6
674,2020-04-12,731179042.0,past,465739543.8,499092133.8
675,2020-04-13,745062194.0,past,492845138.6,516911785.15
676,2020-04-14,643760722.0,past,514318210.8,518040444.9
677,2020-04-15,532114638.0,past,610661138.4,490467798.3
678,2020-04-16,467111084.0,past,623845536.0,461870461.3
679,2020-04-18,796469816.0,past,636903690.8,501679452.1
680,2020-04-19,782008973.0,past,644293046.6,539241729.25
681,2020-04-20,1348639877.0,past,785268877.6,606010368.25
682,2020-04-21,582862431.0,past,795418436.2,606327765.95
683,2020-04-22,692152446.0,past,840426708.6,628563142.75
684,2020-04-23,739433375.0,past,829019420.4,655277034.0
685,2020-04-25,801498610.0,past,832917347.8,661107836.75
686,2020-04-26,922078040.0,past,747604980.4,705683608.15
687,2020-04-27,672123371.0,past,765457168.4,704164707.9
688,2020-04-28,814719431.0,past,789970565.4,667138200.25
689,2020-04-29,903144862.0,past,822712862.8,688593879.45
690,2020-04-30,874958614.0,past,837404863.6,701865099.15
691,2020-05-01,4070000.0,past,653803255.6,675248831.1
692,2020-05-02,538405666.0,past,627059714.6,699649114.4
693,2020-05-03,750977861.0,past,614311400.6,717138552.65
694,2020-05-04,702278178.0,past,574138063.8,715693509.45
695,2020-05-05,580206946.0,past,515187730.2,707450747.05
696,2020-05-06,715820333.0,past,657537796.8,711053727.6
697,2020-05-07,829937625.0,past,715844188.6,725944876.95
698,2020-05-08,1040000.0,past,565856616.4,702641322.75
699,2020-05-09,780516833.0,past,581504347.4,701843673.6
700,2020-05-10,1230638145.0,past,711590587.2,724275132.2
701,2020-05-11,1031258279.0,past,774678176.4,708406052.3
702,2020-05-12,632126805.0,past,735116012.4,710869271.0
703,2020-05-13,586077904.0,past,852123593.2,705565543.9
704,2020-05-14,946779973.0,past,885376221.2,715932873.8
705,2020-05-16,799030278.0,past,799054647.8,715809457.2
706,2020-05-17,915725055.0,past,775948003.0,715491807.95
707,2020-05-18,699951444.0,past,789512930.8,716883211.6
708,2020-05-19,808704000.0,past,834038150.0,716582440.05
709,2020-05-20,964896528.0,past,837661461.0,719670023.35
710,2020-05-21,1376338476.0,past,953123100.6,744739016.45
711,2020-05-23,1463216391.0,past,1062621367.8,817696336.0
712,2020-05-26,1816160921.0,past,1285863263.2,881584098.75
713,2020-05-27,1700947900.0,past,1464312043.2,929082600.7
714,2020-05-28,1839957567.0,past,1639324251.0,985966570.15
715,2020-05-30,1186703983.0,past,1601397352.4,1016291422.0
716,2020-05-31,1840559901.0,past,1676866054.4,1072528400.4
717,2020-06-01,1925476695.0,past,1698729209.2,1127305353.9
718,2020-06-02,1509315250.0,past,1660402679.2,1202719116.4
719,2020-06-03,905221584.0,past,1473455482.6,1208954353.95
720,2020-06-04,248244005.0,past,1285763487.0,1159834646.95
721,2020-06-05,3490000.0,past,918349506.8,1108446233.0
722,2020-06-06,1362549417.0,past,805764051.2,1144967363.6
723,2020-06-07,1426329153.0,past,789166831.8,1186979926.05
724,2020-06-08,1685202178.0,past,945162950.6,1223901036.3
725,2020-06-09,1071250085.0,past,1109764166.6,1237512026.65
726,2020-06-10,1483672052.0,past,1405800577.0,1265909376.5
727,2020-06-11,1694740527.0,past,1472238799.0,1315648830.65
728,2020-06-13,1778386461.0,past,1542650260.6,1364132953.7
729,2020-06-14,1590213155.0,past,1523652456.0,1395398785.05
730,2020-06-15,1641758978.0,past,1637754234.6,1408669810.15
731,2020-06-16,1305959471.0,past,1602211718.4,1400806964.15
732,2020-06-17,101048453.0,past,1283473303.6,1315051340.75
733,2020-06-18,1883324508.0,past,1304460913.0,1324170171.15
734,2020-06-20,1558574421.0,past,1298133166.2,1310101013.85
735,2020-06-21,1584877017.0,past,1286756774.0,1330009665.55
736,2020-06-22,1381591195.0,past,1301883118.8,1307061230.25
737,2020-06-23,1484024854.0,past,1578478399.0,1284988638.2
738,2020-06-24,1757648933.0,past,1553343284.0,1297405322.35
739,2020-06-25,2039067829.0,past,1649441965.6,1354097634.6
740,2020-06-27,2577854942.0,past,1848037550.6,1470578181.45
741,2020-06-28,1357962852.0,past,1843311882.0,1538301824.05
742,2020-06-29,1281980277.0,past,1802902966.6,1534273367.05
743,2020-06-30,1374994158.0,past,1726372011.6,1531706617.3
744,2020-07-01,1481512000.0,past,1614860845.8,1521522108.4
745,2020-07-02,1526867748.0,past,1404663407.0,1544302991.55
746,2020-07-03,1210000.0,past,1133312836.6,1470179888.95
747,2020-07-04,1439710311.0,past,1164858843.4,1457428378.15
748,2020-07-05,1458177157.0,past,1181495443.2,1441417912.95
749,2020-07-06,1325980825.0,past,1150389208.2,1428206296.45
750,2020-07-07,1093743921.0,past,1063764442.8,1400805543.6
751,2020-07-08,1318089692.0,past,1327140381.2,1401412054.65
752,2020-07-09,1333918638.0,past,1305982046.6,1463055563.9
753,2020-07-11,1300757317.0,past,1274498078.6,1433927204.35
754,2020-07-12,1435054070.0,past,1296312727.6,1427751186.8
755,2020-07-13,1196700792.0,past,1316904101.8,1408342375.55
756,2020-07-14,1147358066.0,past,1282757776.6,1396630719.1
757,2020-07-15,1374832581.0,past,1290940565.2,1391171105.45
758,2020-07-16,1286619681.0,past,1288113038.0,1367619642.85
759,2020-07-18,1279523291.0,past,1257006882.2,1329642415.95
760,2020-07-19,1287515951.0,past,1275169914.0,1265125466.4
761,2020-07-20,1340101970.0,past,1313718694.8,1264232422.3
762,2020-07-21,1250837909.0,past,1288919760.4,1262675303.9
763,2020-07-22,1326593632.0,past,1296914550.6,1260255277.6
764,2020-07-23,1721864730.0,past,1385382838.4,1272272914.1
765,2020-07-25,1482098411.0,past,1424299330.4,1270034447.25
766,2020-07-26,1413705345.0,past,1439020005.4,1340659214.5
767,2020-07-27,1471619290.0,past,1483176281.6,1342254663.45
768,2020-07-28,1788481804.0,past,1575553916.0,1358769895.8
769,2020-07-29,1558484117.0,past,1542877793.4,1370395060.4
770,2020-07-30,1513660161.0,past,1549190143.4,1391390872.4
771,2020-08-01,1463166897.0,past,1559082453.8,1398644732.65
772,2020-08-02,1537289552.0,past,1572216506.2,1408813278.35
773,2020-08-03,1626990424.0,past,1539918230.2,1425124933.7
774,2020-08-04,1655765859.0,past,1559374578.6,1436160523.15
775,2020-08-05,2155435091.0,past,1687729564.6,1484097238.1
776,2020-08-06,2397803673.0,past,1874656919.8,1546619518.45
777,2020-08-07,480000.0,past,1567295009.4,1477901889.4
778,2020-08-09,3158979057.0,past,1873692736.0,1571519858.2
779,2020-08-10,1610202405.0,past,1864580045.2,1588053813.9
780,2020-08-11,1530591452.0,past,1739611317.4,1600207588.95
781,2020-08-12,1584376195.0,past,1576925821.8,1612421300.2
782,2020-08-13,1810085151.0,past,1938846852.0,1640383662.3
783,2020-08-15,1567132664.0,past,1620477573.4,1652410613.9
784,2020-08-16,1863105528.0,past,1671058198.0,1659472653.8
785,2020-08-17,1576493962.0,past,1680238700.0,1664192431.35
786,2020-08-18,1463562283.0,past,1656075917.6,1666685278.25
787,2020-08-19,1527470574.0,past,1599553002.2,1669477842.45
788,2020-08-20,1806046057.0,past,1647335680.8,1670356055.1
789,2020-08-22,1617340296.0,past,1598182634.4,1673298864.05
790,2020-08-23,1772058495.0,past,1637295541.0,1686218780.75
791,2020-08-24,1633537654.0,past,1671290615.2,1694737318.6
792,2020-08-25,2146587907.0,past,1795114081.8,1725202236.35
793,2020-08-26,2066980568.0,past,1847300984.0,1747201743.55
794,2020-08-27,2059540596.0,past,1935741044.0,1767390480.4
795,2020-08-29,86380000.0,past,1598605345.0,1663937725.85
796,2020-08-30,125468000.0,past,1296991414.2,1550320942.2
797,2020-08-31,1261368746.0,past,1119947582.0,1613365379.5
798,2020-09-01,1604673768.0,past,1027486222.0,1535650115.05
799,2020-09-02,1937635902.0,past,1003105283.2,1552021789.9
800,2020-09-03,1948178528.0,past,1375464988.8,1572901143.7
801,2020-09-05,1537606351.0,past,1657892659.0,1570562651.5
802,2020-09-06,1623315001.0,past,1730281910.0,1561224144.0
803,2020-09-07,1484544018.0,past,1706255960.0,1557094711.7
804,2020-09-08,1718623515.0,past,1662453482.6,1549870611.05
805,2020-09-09,1336418921.0,past,1540101561.2,1537866859.0
806,2020-09-10,1861708516.0,past,1604921994.2,1557774170.65
807,2020-09-12,1784963556.0,past,1637251705.2,1570648819.75
808,2020-09-13,2152920326.0,past,1770926966.8,1587992533.2
809,2020-09-14,1463596200.0,past,1719921503.8,1580305328.4
810,2020-09-15,1401483885.0,past,1732934496.6,1561776597.9
811,2020-09-16,1724907149.0,past,1705574223.2,1566345072.65
812,2020-09-17,1625294322.0,past,1673640376.4,1540280393.4
813,2020-09-19,1413549770.0,past,1525766265.2,1507608853.5
814,2020-09-20,1507464666.0,past,1534539958.4,1480005057.0
815,2020-09-21,2022783494.0,past,1658799880.2,1576825231.7
816,2020-09-22,1684220410.0,past,1650662532.4,1654762852.2
817,2020-09-23,1805006280.0,past,1686604924.0,1681944728.9
818,2020-09-24,2011436135.0,past,1806182197.0,1702282847.25
819,2020-09-26,1681276086.0,past,1840944481.0,1689464856.45
820,2020-09-27,1550084964.0,past,1746404775.0,1669560178.25
821,2020-09-28,1317703539.0,past,1673101400.8,1658565037.65
822,2020-09-29,1612240390.0,past,1634548222.8,1658011307.1
823,2020-09-30,1768567987.0,past,1585974593.2,1672212505.55
824,2020-10-01,1925204059.0,past,1634760187.8,1682541532.75
825,2020-10-03,1871134367.0,past,1698970068.4,1709277305.05
826,2020-10-04,1573473857.0,past,1750124132.0,1694865572.1
827,2020-10-05,1572606804.0,past,1742197414.8,1684247734.5
828,2020-10-06,1907124278.0,past,1769908673.0,1671957932.1
829,2020-10-07,1821936828.0,past,1749255226.8,1689874963.5
830,2020-10-08,1440000.0,past,1375316353.4,1619872769.25
831,2020-10-10,1281352036.0,past,1316891989.2,1597695013.6
832,2020-10-11,1778945966.0,past,1358159821.6,1605377595.8
833,2020-10-12,1679452172.0,past,1312625400.4,1618672715.9
834,2020-10-13,1559625314.0,past,1260163097.6,1621280748.3
835,2020-10-14,1854687023.0,past,1630812502.2,1612875924.75
836,2020-10-15,1846076270.0,past,1743757349.0,1620968717.75
837,2020-10-17,780000.0,past,1388124155.8,1530757403.75
838,2020-10-18,1935926862.0,past,1439419093.8,1526981940.1
839,2020-10-19,1743510180.0,past,1476196067.0,1530093644.8
840,2020-10-20,1921640829.0,past,1489586828.2,1548671438.05
841,2020-10-21,2038750029.0,past,1528121580.0,1584723762.55
842,2020-10-22,2121641166.0,past,1952293813.2,1610193801.35
843,2020-10-23,575000.0,past,1565223440.8,1521794152.0
844,2020-10-24,2293060629.0,past,1675133530.6,1540186980.5
845,2020-10-25,1215262092.0,past,1533857783.2,1507393366.75
846,2020-10-26,1246085947.0,past,1375324966.8,1491023971.25
847,2020-10-27,1479044685.0,past,1246805670.6,1486345865.3
848,2020-10-28,1620727930.0,past,1570836256.6,1472026047.9
849,2020-10-29,1736824789.0,past,1459589088.6,1467770445.95
850,2020-10-31,1656849895.0,past,1547906649.2,1550540940.7
851,2020-11-01,1714317502.0,past,1641552960.2,1572189214.0
852,2020-11-02,1533465191.0,past,1652437061.4,1559915175.25
853,2020-11-03,1328052609.0,past,1593901997.2,1542345197.1
854,2020-11-04,1530199117.0,past,1552576862.8,1540873887.25
855,2020-11-05,1723823984.0,past,1565971680.6,1534330735.3
856,2020-11-07,1690000735.0,past,1561108327.2,1526526958.55
857,2020-11-08,1694466482.0,past,1593308585.4,1611211282.65
858,2020-11-09,1491787693.0,past,1626055602.2,1589004324.2
859,2020-11-10,1396966778.0,past,1599409134.4,1571677154.1
860,2020-11-11,1411319324.0,past,1536908202.4,1546161078.85
861,2020-11-12,1565833461.0,past,1512074747.6,1522515250.45
862,2020-11-13,441000.0,past,1173269651.2,1416455242.15
863,2020-11-14,1308757638.0,past,1136663640.2,1481864374.05
864,2020-11-15,1780424042.0,past,1213355093.0,1456232544.7
865,2020-11-16,1432395235.0,past,1217570275.2,1467089201.85
866,2020-11-17,1228789646.0,past,1150161512.2,1466224386.8
867,2020-11-18,1288399636.0,past,1407753239.4,1456692134.35
868,2020-11-19,1517800240.0,past,1449561759.8,1451545749.85
869,2020-11-20,53424000.0,past,1104161751.4,1367375710.4
870,2020-11-21,1203719588.0,past,1058426622.0,1344719195.05
871,2020-11-22,1343163220.0,past,1081301336.8,1326161480.95
872,2020-11-23,1245671720.0,past,1072755753.6,1311771807.4
873,2020-11-24,1092272307.0,past,987650167.0,1299982792.3
874,2020-11-25,1188530248.0,past,1214671416.6,1282899348.85
875,2020-11-26,1656584063.0,past,1305244311.6,1279537352.8
876,2020-11-28,1369778481.0,past,1310567363.8,1263526240.1
877,2020-11-29,1681713077.0,past,1397775635.2,1262888569.85
878,2020-11-30,1339329993.0,past,1447187172.4,1255265684.85
879,2020-12-01,1250635854.0,past,1459608293.6,1247949138.65
880,2020-12-02,1305742563.0,past,1389439993.6,1242670300.6
881,2020-12-03,1440367639.0,past,1403557825.2,1236397009.5
882,2020-12-04,2060000.0,past,1067627209.8,1236477959.5
883,2020-12-05,1417891109.0,past,1083339433.0,1241934633.05
884,2020-12-06,1860227565.0,past,1205257775.2,1245924809.2
885,2020-12-07,1406846792.0,forecasted,1225478621.0,1244647387.05
886,2020-12-08,1613445405.0,forecasted,1260094174.2,1263880175.0
887,2020-12-09,1483007228.0,forecasted,1556283619.8,1273610554.6
888,2020-12-10,1543583147.0,forecasted,1581422027.4,1274899699.95
889,2020-12-12,1494260149.0,forecasted,1508228544.2,1346941507.4
890,2020-12-13,1910210204.0,forecasted,1608901226.6,1382266038.2
891,2020-12-14,1556882009.0,forecasted,1597588547.4,1392951977.65
892,2020-12-15,2780000.0,forecasted,1301543101.8,1330807391.65
893,2020-12-16 00:00:00,1887365163.381405,forecasted,1370299505.076281,1370562034.4690702
894,2020-12-17 00:00:00,1928156041.3642378,forecasted,1457078683.5491285,1407543324.1372821
895,2020-12-18 00:00:00,1726848488.0778697,forecasted,1420406340.3647027,1411056545.3911757
896,2020-12-19 00:00:00,1554807812.1239579,forecasted,1419991500.989494,1420308011.9473736
897,2020-12-20 00:00:00,2351598258.4092975,forecasted,1889755152.6713536,1453802271.0178382
898,2020-12-21 00:00:00,2305314767.8043814,forecasted,1973345073.5559487,1502101509.7580574
899,2020-12-22 00:00:00,1959265577.738601,forecasted,1979566980.8308215,1537532995.9449875
900,2020-12-23 00:00:00,2046604899.4329665,forecasted,2043518263.101841,1574576112.766636
901,2020-12-24 00:00:00,1780480161.1973107,forecasted,2088652732.916511,1591581738.8765013
902,2020-12-25 00:00:00,853603577.5129607,forecasted,1789053796.7372441,1634158917.7521493
903,2020-12-26 00:00:00,1930919861.5247,forecasted,1714174815.4813077,1659810355.3783844
904,2020-12-27 00:00:00,2339343728.1552114,forecasted,1790190445.56463,1683766163.536145
